id_incidente,fecha,tipo_incidente,latitud,longitud,comuna,gravedad
1,2025-01-22,lesiones,-33.452249,-70.643358,Comuna Piloto,media
2,2025-07-05,lesiones,-33.423857,-70.644909,Comuna Piloto,media
3,2025-06-07,lesiones,-33.409667,-70.617145,Comuna Piloto,baja
4,2025-04-16,robo_con_violencia,-33.42793,-70.628947,Comuna Piloto,media
5,2025-04-14,vandalismo,-33.403679,-70.697342,Comuna Piloto,media
6,2025-07-26,hurto,-33.421799,-70.695054,Comuna Piloto,media
7,2025-01-21,robo_vehiculo,-33.41332,-70.639844,Comuna Piloto,baja
8,2025-06-17,hurto,-33.48859,-70.651381,Comuna Piloto,baja
9,2025-02-18,vandalismo,-33.426759,-70.673982,Comuna Piloto,baja
10,2025-01-23,vandalismo,-33.455991,-70.658134,Comuna Piloto,baja
11,2025-05-07,vandalismo,-33.44469,-70.624209,Comuna Piloto,baja
12,2025-08-23,hurto,-33.43459,-70.617339,Comuna Piloto,baja
13,2025-06-26,lesiones,-33.403018,-70.643878,Comuna Piloto,media
14,2025-07-02,robo_vehiculo,-33.401542,-70.661463,Comuna Piloto,baja
15,2025-06-22,lesiones,-33.471177,-70.67293,Comuna Piloto,media
16,2025-07-08,lesiones,-33.426625,-70.647808,Comuna Piloto,media
17,2025-05-04,robo_vehiculo,-33.425002,-70.668525,Comuna Piloto,media
18,2025-01-31,robo_vehiculo,-33.465351,-70.64359,Comuna Piloto,baja
19,2025-07-21,robo_con_violencia,-33.487613,-70.632335,Comuna Piloto,baja
20,2025-04-19,robo_con_violencia,-33.495905,-70.693392,Comuna Piloto,media
21,2025-05-01,hurto,-33.422266,-70.699893,Comuna Piloto,alta
22,2025-03-30,hurto,-33.45103,-70.678772,Comuna Piloto,baja
23,2025-02-13,robo_con_violencia,-33.401446,-70.610549,Comuna Piloto,media
24,2025-08-11,hurto,-33.453503,-70.635371,Comuna Piloto,media
25,2025-07-07,lesiones,-33.402208,-70.682804,Comuna Piloto,media
26,2025-06-04,robo_vehiculo,-33.458842,-70.610974,Comuna Piloto,baja
27,2025-04-07,robo_vehiculo,-33.420632,-70.653004,Comuna Piloto,media
28,2025-07-17,robo_vehiculo,-33.491518,-70.652391,Comuna Piloto,baja
29,2025-05-11,hurto,-33.444454,-70.606446,Comuna Piloto,alta
30,2025-04-17,robo_vehiculo,-33.419794,-70.694051,Comuna Piloto,baja
31,2025-04-19,lesiones,-33.40753,-70.678482,Comuna Piloto,baja
32,2025-02-24,robo_vehiculo,-33.417742,-70.641423,Comuna Piloto,alta
33,2025-01-23,hurto,-33.496303,-70.680451,Comuna Piloto,baja
34,2025-05-14,robo_vehiculo,-33.46273,-70.632047,Comuna Piloto,baja
35,2025-08-02,robo_con_violencia,-33.49513,-70.678591,Comuna Piloto,baja
36,2025-01-16,lesiones,-33.489072,-70.690084,Comuna Piloto,baja
37,2025-07-25,robo_vehiculo,-33.432469,-70.679301,Comuna Piloto,baja
38,2025-07-18,robo_vehiculo,-33.428674,-70.657727,Comuna Piloto,baja
39,2025-03-08,lesiones,-33.422628,-70.682386,Comuna Piloto,media
40,2025-06-01,vandalismo,-33.413454,-70.686531,Comuna Piloto,media
41,2025-02-09,lesiones,-33.426057,-70.613972,Comuna Piloto,baja
42,2025-07-01,vandalismo,-33.419913,-70.66796,Comuna Piloto,media
43,2025-06-18,vandalismo,-33.495104,-70.663924,Comuna Piloto,baja
44,2025-03-27,hurto,-33.476546,-70.694473,Comuna Piloto,alta
45,2025-01-17,lesiones,-33.43781,-70.664263,Comuna Piloto,baja
46,2025-08-21,robo_vehiculo,-33.414187,-70.673519,Comuna Piloto,media
47,2025-04-17,hurto,-33.49955,-70.638951,Comuna Piloto,baja
48,2025-08-03,hurto,-33.448537,-70.679461,Comuna Piloto,media
49,2025-06-12,vandalismo,-33.432271,-70.611163,Comuna Piloto,baja
50,2025-07-06,vandalismo,-33.497039,-70.607033,Comuna Piloto,media
51,2025-07-02,hurto,-33.459864,-70.690017,Comuna Piloto,baja
52,2025-02-16,lesiones,-33.410437,-70.68926,Comuna Piloto,alta
53,2025-03-29,robo_vehiculo,-33.432839,-70.688467,Comuna Piloto,media
54,2025-04-23,vandalismo,-33.476234,-70.638043,Comuna Piloto,media
55,2025-04-30,hurto,-33.414722,-70.687803,Comuna Piloto,media
56,2025-01-11,hurto,-33.465197,-70.614762,Comuna Piloto,alta
57,2025-05-12,lesiones,-33.414666,-70.624573,Comuna Piloto,baja
58,2025-02-07,lesiones,-33.470106,-70.618019,Comuna Piloto,baja
59,2025-06-28,robo_con_violencia,-33.440968,-70.647394,Comuna Piloto,baja
60,2025-06-13,robo_vehiculo,-33.460306,-70.600332,Comuna Piloto,baja
61,2025-08-10,robo_con_violencia,-33.472517,-70.695582,Comuna Piloto,media
62,2025-06-28,lesiones,-33.411344,-70.659874,Comuna Piloto,alta
63,2025-03-29,robo_con_violencia,-33.481241,-70.667606,Comuna Piloto,alta
64,2025-08-21,robo_vehiculo,-33.491519,-70.605135,Comuna Piloto,media
65,2025-04-09,hurto,-33.465807,-70.642314,Comuna Piloto,media
66,2025-03-20,lesiones,-33.428236,-70.619381,Comuna Piloto,alta
67,2025-08-06,hurto,-33.419257,-70.682966,Comuna Piloto,alta
68,2025-03-30,vandalismo,-33.400126,-70.602137,Comuna Piloto,baja
69,2025-01-19,vandalismo,-33.470364,-70.650136,Comuna Piloto,media
70,2025-04-23,robo_con_violencia,-33.459206,-70.650633,Comuna Piloto,media
71,2025-07-10,vandalismo,-33.486318,-70.602912,Comuna Piloto,baja
72,2025-02-15,lesiones,-33.442513,-70.661927,Comuna Piloto,baja
73,2025-04-22,lesiones,-33.400242,-70.660247,Comuna Piloto,alta
74,2025-02-01,robo_con_violencia,-33.429912,-70.641525,Comuna Piloto,alta
75,2025-06-14,lesiones,-33.440479,-70.687195,Comuna Piloto,alta
76,2025-04-25,lesiones,-33.460763,-70.667891,Comuna Piloto,media
77,2025-03-21,hurto,-33.40847,-70.680679,Comuna Piloto,baja
78,2025-02-24,robo_con_violencia,-33.450308,-70.689672,Comuna Piloto,baja
79,2025-05-16,hurto,-33.486563,-70.613386,Comuna Piloto,media
80,2025-06-10,vandalismo,-33.463462,-70.641067,Comuna Piloto,media
81,2025-08-14,lesiones,-33.493283,-70.664133,Comuna Piloto,media
82,2025-04-15,robo_con_violencia,-33.479802,-70.659133,Comuna Piloto,media
83,2025-02-08,vandalismo,-33.498233,-70.656848,Comuna Piloto,baja
84,2025-07-19,vandalismo,-33.454672,-70.636685,Comuna Piloto,media
85,2025-06-01,robo_con_violencia,-33.436546,-70.607323,Comuna Piloto,baja
86,2025-06-18,vandalismo,-33.465671,-70.606722,Comuna Piloto,baja
87,2025-01-24,hurto,-33.457962,-70.660851,Comuna Piloto,baja
88,2025-03-16,hurto,-33.404079,-70.667074,Comuna Piloto,baja
89,2025-07-04,hurto,-33.424804,-70.654895,Comuna Piloto,alta
90,2025-07-19,lesiones,-33.445914,-70.643207,Comuna Piloto,baja
91,2025-04-15,vandalismo,-33.471546,-70.653818,Comuna Piloto,baja
92,2025-07-13,lesiones,-33.4103,-70.634125,Comuna Piloto,media
93,2025-07-22,vandalismo,-33.47649,-70.64456,Comuna Piloto,media
94,2025-04-03,vandalismo,-33.467466,-70.667928,Comuna Piloto,baja
95,2025-08-04,robo_con_violencia,-33.409094,-70.665427,Comuna Piloto,baja
96,2025-03-11,robo_vehiculo,-33.447046,-70.662141,Comuna Piloto,baja
97,2025-02-27,lesiones,-33.425768,-70.690536,Comuna Piloto,media
98,2025-06-13,hurto,-33.440926,-70.683394,Comuna Piloto,baja
99,2025-06-02,robo_con_violencia,-33.434656,-70.627689,Comuna Piloto,baja
100,2025-02-03,robo_con_violencia,-33.470062,-70.66109,Comuna Piloto,baja
101,2025-07-19,hurto,-33.475863,-70.678546,Comuna Piloto,media
102,2025-02-17,lesiones,-33.467751,-70.643733,Comuna Piloto,baja
103,2025-07-13,robo_con_violencia,-33.484456,-70.624446,Comuna Piloto,media
104,2025-01-02,robo_con_violencia,-33.412569,-70.674258,Comuna Piloto,baja
105,2025-07-11,robo_con_violencia,-33.471675,-70.617321,Comuna Piloto,media
106,2025-07-08,hurto,-33.443851,-70.60725,Comuna Piloto,baja
107,2025-07-07,robo_con_violencia,-33.420803,-70.640261,Comuna Piloto,baja
108,2025-06-09,hurto,-33.421618,-70.633105,Comuna Piloto,baja
109,2025-04-24,hurto,-33.456161,-70.694742,Comuna Piloto,media
110,2025-06-19,hurto,-33.452374,-70.605448,Comuna Piloto,alta
111,2025-03-08,lesiones,-33.40053,-70.660752,Comuna Piloto,baja
112,2025-07-07,hurto,-33.43254,-70.60761,Comuna Piloto,baja
113,2025-05-14,lesiones,-33.418536,-70.642102,Comuna Piloto,alta
114,2025-04-21,lesiones,-33.409745,-70.699538,Comuna Piloto,media
115,2025-05-02,vandalismo,-33.421241,-70.696146,Comuna Piloto,baja
116,2025-05-17,lesiones,-33.481482,-70.631958,Comuna Piloto,baja
117,2025-01-09,hurto,-33.443783,-70.643733,Comuna Piloto,media
118,2025-02-03,hurto,-33.489811,-70.697347,Comuna Piloto,media
119,2025-02-28,robo_vehiculo,-33.434708,-70.625654,Comuna Piloto,media
120,2025-01-28,hurto,-33.404465,-70.614785,Comuna Piloto,alta
121,2025-04-16,robo_con_violencia,-33.448727,-70.650358,Comuna Piloto,baja
122,2025-06-10,vandalismo,-33.456703,-70.653424,Comuna Piloto,baja
123,2025-06-07,vandalismo,-33.496416,-70.699453,Comuna Piloto,baja
124,2025-04-24,robo_con_violencia,-33.404023,-70.621335,Comuna Piloto,baja
125,2025-07-25,lesiones,-33.4897,-70.666928,Comuna Piloto,baja
126,2025-05-16,robo_con_violencia,-33.495892,-70.612124,Comuna Piloto,baja
127,2025-01-20,lesiones,-33.475393,-70.662694,Comuna Piloto,baja
128,2025-07-03,robo_con_violencia,-33.493447,-70.643492,Comuna Piloto,media
129,2025-05-18,hurto,-33.454488,-70.672966,Comuna Piloto,baja
130,2025-06-02,lesiones,-33.448391,-70.683941,Comuna Piloto,baja
131,2025-05-16,lesiones,-33.468743,-70.622509,Comuna Piloto,media
132,2025-05-13,hurto,-33.494904,-70.650341,Comuna Piloto,media
133,2025-01-22,vandalismo,-33.48884,-70.646351,Comuna Piloto,
134,2025-05-15,lesiones,-33.46155,-70.603458,Comuna Piloto,media
135,2025-07-10,robo_vehiculo,-33.493947,-70.603642,Comuna Piloto,media
136,2025-03-14,lesiones,-33.430181,-70.614436,Comuna Piloto,baja
137,2025-05-25,lesiones,-33.479298,-70.681239,Comuna Piloto,baja
138,2025-01-08,robo_vehiculo,-33.469793,-70.640573,Comuna Piloto,media
139,2025-03-25,lesiones,-33.460587,-70.612185,Comuna Piloto,baja
140,2025-04-15,vandalismo,-33.458339,-70.662554,Comuna Piloto,baja
141,2025-08-24,vandalismo,-33.499834,-70.689889,Comuna Piloto,baja
142,2025-02-21,lesiones,-33.488793,-70.618904,Comuna Piloto,baja
143,2025-03-08,lesiones,-33.413724,-70.651824,Comuna Piloto,baja
144,2025-04-09,robo_vehiculo,-33.499877,-70.643561,Comuna Piloto,baja
145,2025-08-27,lesiones,-33.449183,-70.601786,Comuna Piloto,media
146,2025-07-24,robo_vehiculo,-33.45105,-70.639279,Comuna Piloto,alta
147,2025-01-09,hurto,-33.466691,-70.657502,Comuna Piloto,baja
148,2025-02-26,robo_vehiculo,-33.456867,-70.663002,Comuna Piloto,alta
149,2025-07-17,robo_vehiculo,-33.421942,-70.658238,Comuna Piloto,baja
150,2025-01-14,robo_con_violencia,-33.41588,-70.68816,Comuna Piloto,alta
151,2025-07-25,vandalismo,-33.473965,-70.620525,Comuna Piloto,alta
152,2025-03-09,robo_con_violencia,-33.467751,-70.616228,Comuna Piloto,baja
153,2025-08-09,robo_con_violencia,-33.475752,-70.67156,Comuna Piloto,media
154,2025-03-12,vandalismo,-33.452014,-70.66962,Comuna Piloto,alta
155,2025-04-15,hurto,-33.431674,-70.612567,Comuna Piloto,alta
156,2025-06-08,hurto,-33.477175,-70.697603,Comuna Piloto,alta
157,2025-01-31,lesiones,-33.466926,-70.647954,Comuna Piloto,media
158,2025-05-14,robo_vehiculo,-33.406962,-70.653632,Comuna Piloto,baja
159,2025-05-02,robo_con_violencia,-33.495143,-70.630987,Comuna Piloto,media
160,2025-07-08,lesiones,-33.453923,-70.683661,Comuna Piloto,media
161,2025-08-28,robo_con_violencia,-33.428844,-70.633167,Comuna Piloto,media
162,2025-06-09,hurto,-33.484955,-70.662327,Comuna Piloto,baja
163,2025-04-09,vandalismo,-33.495263,-70.638129,Comuna Piloto,media
164,2025-04-08,vandalismo,-33.486179,-70.69599,Comuna Piloto,baja
165,2025-04-11,robo_vehiculo,-33.408118,-70.653827,Comuna Piloto,media
166,2025-07-15,lesiones,-33.499074,-70.647775,Comuna Piloto,baja
167,2025-03-19,lesiones,-33.481168,-70.678567,Comuna Piloto,media
168,2025-02-10,hurto,-33.496872,-70.686038,Comuna Piloto,media
169,2025-03-22,robo_con_violencia,-33.488937,-70.681153,Comuna Piloto,baja
170,2025-01-06,robo_vehiculo,-33.437985,-70.665586,Comuna Piloto,media
171,2025-01-26,lesiones,-33.475836,-70.690319,Comuna Piloto,baja
172,2025-01-22,vandalismo,-33.443079,-70.605268,Comuna Piloto,alta
173,2025-07-05,robo_con_violencia,-33.44098,-70.659501,Comuna Piloto,media
174,2025-06-23,lesiones,-33.415056,-70.619103,Comuna Piloto,baja
175,2025-06-17,vandalismo,-33.499526,-70.602558,Comuna Piloto,baja
176,2025-04-21,vandalismo,-33.414663,-70.691926,Comuna Piloto,baja
177,2025-06-22,hurto,-33.438088,-70.634833,Comuna Piloto,baja
178,2025-02-08,robo_con_violencia,-33.483726,-70.612859,Comuna Piloto,alta
179,2025-08-05,robo_vehiculo,-33.422706,-70.636577,Comuna Piloto,media
180,2025-05-01,vandalismo,-33.414451,-70.657097,Comuna Piloto,baja
181,2025-08-14,vandalismo,-33.474574,-70.656892,Comuna Piloto,alta
182,2025-02-06,lesiones,-33.408121,-70.69641,Comuna Piloto,baja
183,2025-04-30,robo_con_violencia,-33.454554,-70.64654,Comuna Piloto,alta
184,2025-06-17,robo_con_violencia,-33.439658,-70.600646,Comuna Piloto,baja
185,2025-04-29,hurto,-33.401535,-70.604129,Comuna Piloto,media
186,2025-04-18,hurto,-33.463846,-70.69596,Comuna Piloto,alta
187,2025-02-09,robo_con_violencia,-33.418684,-70.62942,Comuna Piloto,baja
188,2025-04-02,lesiones,-33.46816,-70.669824,Comuna Piloto,media
189,2025-02-27,hurto,-33.420079,-70.609701,Comuna Piloto,alta
190,2025-03-14,robo_con_violencia,-33.439927,-70.695489,Comuna Piloto,baja
191,2025-06-14,robo_con_violencia,-33.478364,-70.606413,Comuna Piloto,baja
192,2025-06-01,hurto,-33.458597,-70.616252,Comuna Piloto,media
193,2025-05-26,lesiones,-33.468236,-70.68825,Comuna Piloto,baja
194,2025-03-28,vandalismo,-33.492189,-70.694018,Comuna Piloto,baja
195,2025-08-19,hurto,-33.497017,-70.616529,Comuna Piloto,baja
196,2025-01-22,robo_vehiculo,-33.465352,-70.684424,Comuna Piloto,media
197,2025-03-24,vandalismo,-33.498097,-70.64651,Comuna Piloto,baja
198,2025-01-29,hurto,-33.483451,-70.608426,Comuna Piloto,baja
199,2025-03-23,robo_vehiculo,-33.427482,-70.643255,Comuna Piloto,media
200,2025-08-19,hurto,-33.429191,-70.660277,Comuna Piloto,media
201,2025-03-29,robo_con_violencia,-33.426142,-70.655498,Comuna Piloto,media
202,2025-08-07,robo_vehiculo,-33.468285,-70.693688,Comuna Piloto,baja
203,2025-04-29,hurto,-33.410998,-70.603125,Comuna Piloto,alta
204,2025-06-17,vandalismo,-33.440617,-70.668935,Comuna Piloto,media
205,2025-04-20,lesiones,-33.487397,-70.681064,Comuna Piloto,baja
206,2025-03-05,lesiones,-33.485628,-70.671395,Comuna Piloto,alta
207,2025-07-03,hurto,-33.43069,-70.603563,Comuna Piloto,baja
208,2025-08-21,robo_con_violencia,-33.482706,-70.690571,Comuna Piloto,baja
209,2025-03-05,robo_vehiculo,-33.449271,-70.61327,Comuna Piloto,baja
210,2025-07-06,vandalismo,-33.400823,-70.629216,Comuna Piloto,media
211,2025-03-04,robo_con_violencia,-33.499599,-70.616998,Comuna Piloto,baja
212,2025-06-22,vandalismo,-33.498342,-70.60241,Comuna Piloto,baja
213,2025-07-09,lesiones,-33.400692,-70.615785,Comuna Piloto,baja
214,2025-04-18,robo_vehiculo,-33.441536,-70.605662,Comuna Piloto,baja
215,2025-06-26,lesiones,-33.487309,-70.687306,Comuna Piloto,baja
216,2025-03-07,vandalismo,-33.41027,-70.620421,Comuna Piloto,media
217,2025-01-20,robo_con_violencia,-33.411962,-70.645432,Comuna Piloto,baja
218,2025-01-24,robo_con_violencia,-33.44638,-70.64565,Comuna Piloto,baja
219,2025-04-18,lesiones,-33.437821,-70.610108,Comuna Piloto,media
220,2025-08-05,vandalismo,-33.472681,-70.60282,Comuna Piloto,baja
221,2025-01-31,robo_con_violencia,-33.494948,-70.629516,Comuna Piloto,media
222,2025-04-20,lesiones,-33.440543,-70.651706,Comuna Piloto,baja
223,2025-06-18,robo_con_violencia,-33.470524,-70.65436,Comuna Piloto,baja
224,2025-02-18,lesiones,-33.433638,-70.661366,Comuna Piloto,baja
225,2025-06-23,lesiones,-33.416375,-70.66384,Comuna Piloto,baja
226,2025-03-15,robo_con_violencia,-33.498184,-70.660849,Comuna Piloto,baja
227,2025-07-14,lesiones,-33.440429,-70.691025,Comuna Piloto,media
228,2025-05-20,vandalismo,-33.476872,-70.692256,Comuna Piloto,baja
229,2025-05-12,vandalismo,-33.412611,-70.622013,Comuna Piloto,media
230,2025-02-12,robo_con_violencia,-33.474634,-70.655393,Comuna Piloto,media
231,2025-04-22,robo_vehiculo,-33.438923,-70.606932,Comuna Piloto,baja
232,2025-07-25,robo_vehiculo,-33.444646,-70.638778,Comuna Piloto,media
233,2025-01-05,hurto,-33.460383,-70.696482,Comuna Piloto,baja
234,2025-07-02,robo_con_violencia,-33.432238,-70.684248,Comuna Piloto,baja
235,2025-04-29,vandalismo,-33.427423,-70.679418,Comuna Piloto,baja
236,2025-06-22,lesiones,-33.443306,-70.602426,Comuna Piloto,media
237,2025-06-09,vandalismo,-33.424158,-70.67813,Comuna Piloto,alta
238,2025-04-14,robo_con_violencia,-33.401658,-70.648424,Comuna Piloto,baja
239,2025-03-16,robo_con_violencia,-33.458073,-70.606382,Comuna Piloto,media
240,2025-05-31,vandalismo,-33.448542,-70.602281,Comuna Piloto,media
241,2025-02-03,robo_vehiculo,-33.498753,-70.676364,Comuna Piloto,baja
242,2025-05-21,lesiones,-33.420397,-70.695088,Comuna Piloto,media
243,2025-01-23,vandalismo,-33.447977,-70.68464,Comuna Piloto,media
244,2025-06-05,robo_con_violencia,-33.459204,-70.693667,Comuna Piloto,alta
245,2025-05-31,robo_con_violencia,-33.490593,-70.680488,Comuna Piloto,alta
246,2025-01-21,robo_con_violencia,-33.411034,-70.643143,Comuna Piloto,baja
247,2025-07-01,robo_con_violencia,-33.460499,-70.608755,Comuna Piloto,baja
248,2025-04-10,robo_con_violencia,-33.431742,-70.646278,Comuna Piloto,media
249,2025-07-08,vandalismo,-33.485063,-70.637401,Comuna Piloto,baja
250,2025-01-10,lesiones,-33.403845,-70.679813,Comuna Piloto,baja
251,2025-02-13,vandalismo,-33.482156,-70.619942,Comuna Piloto,alta
252,2025-04-29,vandalismo,-33.480046,-70.638221,Comuna Piloto,baja
253,2025-02-15,vandalismo,-33.414102,-70.613586,Comuna Piloto,baja
254,2025-03-21,robo_vehiculo,-33.408742,-70.605116,Comuna Piloto,media
255,2025-06-08,robo_vehiculo,-33.478785,-70.66521,Comuna Piloto,baja
256,2025-02-04,vandalismo,-33.45302,-70.690942,Comuna Piloto,baja
257,2025-06-12,robo_vehiculo,-33.426651,-70.677407,Comuna Piloto,alta
258,2025-01-25,robo_con_violencia,-33.412163,-70.656216,Comuna Piloto,baja
259,2025-02-12,lesiones,-33.462095,-70.605431,Comuna Piloto,baja
260,2025-05-22,vandalismo,-33.448298,-70.662169,Comuna Piloto,baja
261,2025-07-10,vandalismo,-33.425828,-70.622923,Comuna Piloto,alta
262,2025-02-10,vandalismo,-33.426886,-70.645952,Comuna Piloto,baja
263,2025-03-13,robo_con_violencia,-33.421704,-70.681719,Comuna Piloto,media
264,2025-08-11,lesiones,-33.443007,-70.667927,Comuna Piloto,baja
265,2025-08-26,vandalismo,-33.489538,-70.634681,Comuna Piloto,baja
266,2025-05-20,lesiones,-33.409603,-70.632715,Comuna Piloto,alta
267,2025-04-18,vandalismo,-33.413443,-70.656524,Comuna Piloto,media
268,2025-03-25,vandalismo,-33.42019,-70.677135,Comuna Piloto,alta
269,2025-05-27,hurto,-33.490014,-70.627809,Comuna Piloto,baja
270,2025-05-22,robo_con_violencia,-33.47956,-70.683113,Comuna Piloto,media
271,2025-03-12,hurto,-33.42564,-70.606333,Comuna Piloto,alta
272,2025-01-06,robo_vehiculo,-33.497686,-70.68121,Comuna Piloto,baja
273,2025-02-06,robo_con_violencia,-33.402078,-70.689269,Comuna Piloto,baja
274,2025-08-19,robo_con_violencia,-33.462286,-70.650235,Comuna Piloto,alta
275,2025-04-11,lesiones,-33.428069,-70.648045,Comuna Piloto,baja
276,2025-04-26,hurto,-33.411243,-70.649181,Comuna Piloto,media
277,2025-04-23,hurto,-33.460537,-70.656333,Comuna Piloto,alta
278,2025-07-07,lesiones,-33.468087,-70.600519,Comuna Piloto,baja
279,2025-01-16,hurto,-33.439126,-70.651372,Comuna Piloto,baja
280,2025-01-20,lesiones,-33.441901,-70.652205,Comuna Piloto,baja
281,2025-03-08,robo_con_violencia,-33.459086,-70.657823,Comuna Piloto,baja
282,2025-04-27,vandalismo,-33.439823,-70.693317,Comuna Piloto,baja
283,2025-06-11,hurto,-33.406462,-70.640704,Comuna Piloto,media
284,2025-04-28,robo_con_violencia,-33.453236,-70.677203,Comuna Piloto,baja
285,2025-04-16,vandalismo,-33.480326,-70.636239,Comuna Piloto,media
286,2025-08-14,lesiones,-33.462279,-70.694917,Comuna Piloto,baja
287,2025-02-08,robo_con_violencia,-33.460589,-70.601861,Comuna Piloto,baja
288,2025-05-18,robo_con_violencia,-33.486889,-70.653099,Comuna Piloto,baja
289,2025-05-11,robo_con_violencia,-33.483713,-70.610324,Comuna Piloto,media
290,2025-04-24,robo_vehiculo,-33.431544,-70.652444,Comuna Piloto,baja
291,2025-07-13,robo_con_violencia,-33.466052,-70.693967,Comuna Piloto,baja
292,2025-03-06,lesiones,-33.40451,-70.617779,Comuna Piloto,alta
293,2025-08-17,hurto,-33.47564,-70.635182,Comuna Piloto,media
294,2025-03-21,vandalismo,-33.490108,-70.621824,Comuna Piloto,baja
295,2025-05-11,lesiones,-33.42465,-70.657183,Comuna Piloto,alta
296,2025-05-05,lesiones,-33.411896,-70.636206,Comuna Piloto,baja
297,2025-07-23,hurto,-33.472189,-70.614377,Comuna Piloto,baja
298,2025-04-16,robo_con_violencia,-33.479791,-70.636893,Comuna Piloto,baja
299,2025-03-10,robo_con_violencia,-33.481423,-70.665233,Comuna Piloto,baja
300,2025-01-06,lesiones,-33.447799,-70.633747,Comuna Piloto,baja
301,2025-03-29,robo_con_violencia,-33.453158,-70.632815,Comuna Piloto,media
302,2025-07-18,robo_con_violencia,-33.474056,-70.603941,Comuna Piloto,baja
303,2025-01-03,robo_vehiculo,-33.495483,-70.662909,Comuna Piloto,media
304,2025-08-04,vandalismo,-33.451851,-70.657492,Comuna Piloto,alta
305,2025-05-11,hurto,-33.404067,-70.618788,Comuna Piloto,media
306,2025-02-03,lesiones,-33.434748,-70.649424,Comuna Piloto,media
307,2025-03-14,hurto,-33.450449,-70.626343,Comuna Piloto,media
308,2025-05-13,robo_con_violencia,-33.488931,-70.654029,Comuna Piloto,alta
309,2025-03-17,robo_vehiculo,-33.474756,-70.67845,Comuna Piloto,baja
310,2025-01-27,robo_con_violencia,-33.470523,-70.62548,Comuna Piloto,baja
311,2025-06-09,lesiones,-33.42352,-70.686884,Comuna Piloto,media
312,2025-06-11,robo_con_violencia,-33.412329,-70.680142,Comuna Piloto,media
313,2025-01-29,robo_vehiculo,-33.409836,-70.637318,Comuna Piloto,baja
314,2025-03-09,vandalismo,-33.401543,-70.625273,Comuna Piloto,media
315,2025-02-28,hurto,-33.401763,-70.610531,Comuna Piloto,baja
316,2025-06-08,hurto,-33.4047,-70.672741,Comuna Piloto,alta
317,2025-06-25,hurto,-33.492818,-70.688928,Comuna Piloto,baja
318,2025-06-24,lesiones,-33.486221,-70.604395,Comuna Piloto,baja
319,2025-08-14,robo_vehiculo,-33.469553,-70.684558,Comuna Piloto,baja
320,2025-07-04,lesiones,-33.44471,-70.680233,Comuna Piloto,baja
321,2025-03-18,vandalismo,-33.490302,-70.670867,Comuna Piloto,baja
322,2025-01-26,hurto,-33.41542,-70.647061,Comuna Piloto,baja
323,2025-05-28,hurto,-33.438324,-70.611717,Comuna Piloto,baja
324,2025-08-08,robo_con_violencia,-33.445764,-70.623945,Comuna Piloto,baja
325,2025-08-23,robo_vehiculo,-33.483469,-70.629184,Comuna Piloto,baja
326,2025-02-25,vandalismo,-33.474674,-70.682482,Comuna Piloto,baja
327,2025-02-26,hurto,-33.483969,-70.664232,Comuna Piloto,baja
328,2025-01-09,robo_vehiculo,-33.414807,-70.65216,Comuna Piloto,baja
329,2025-02-03,hurto,-33.441577,-70.685257,Comuna Piloto,baja
330,2025-05-14,hurto,-33.426487,-70.672657,Comuna Piloto,baja
331,2025-05-12,hurto,-33.470397,-70.669167,Comuna Piloto,baja
332,2025-03-31,lesiones,-33.462875,-70.687272,Comuna Piloto,media
333,2025-03-16,robo_vehiculo,-33.459515,-70.644976,Comuna Piloto,alta
334,2025-07-19,lesiones,-33.423999,-70.629497,Comuna Piloto,alta
335,2025-04-21,hurto,-33.422765,-70.693007,Comuna Piloto,media
336,2025-07-13,vandalismo,-33.479319,-70.651888,Comuna Piloto,media
337,2025-08-20,robo_con_violencia,-33.405846,-70.621779,Comuna Piloto,baja
338,2025-03-18,robo_con_violencia,-33.487934,-70.625201,Comuna Piloto,media
339,2025-02-18,hurto,-33.410388,-70.618493,Comuna Piloto,media
340,2025-08-17,hurto,-33.48996,-70.655176,Comuna Piloto,media
341,2025-06-02,lesiones,-33.473546,-70.617944,Comuna Piloto,alta
342,2025-03-11,hurto,-33.415352,-70.675925,Comuna Piloto,baja
343,2025-05-30,vandalismo,-33.482051,-70.663919,Comuna Piloto,media
344,2025-05-04,hurto,-33.458643,-70.682364,Comuna Piloto,media
345,2025-08-06,robo_con_violencia,-33.455014,-70.653252,Comuna Piloto,baja
346,2025-03-03,robo_con_violencia,-33.475474,-70.660794,Comuna Piloto,alta
347,2025-08-26,vandalismo,-33.428975,-70.675907,Comuna Piloto,baja
348,2025-08-13,robo_con_violencia,-33.414867,-70.624822,Comuna Piloto,alta
349,2025-02-13,vandalismo,-33.412542,-70.668615,Comuna Piloto,media
350,2025-02-09,robo_vehiculo,-33.466068,-70.67272,Comuna Piloto,baja
351,2025-05-08,robo_con_violencia,-33.446915,-70.686911,Comuna Piloto,media
352,2025-01-11,robo_vehiculo,-33.475159,-70.656118,Comuna Piloto,baja
353,2025-03-13,lesiones,-33.47552,-70.669704,Comuna Piloto,media
354,2025-04-15,hurto,-33.483875,-70.663073,Comuna Piloto,media
355,2025-08-21,lesiones,-33.405998,-70.6764,Comuna Piloto,media
356,2025-08-27,lesiones,-33.411201,-70.623684,Comuna Piloto,
357,2025-02-06,hurto,-33.422264,-70.607,Comuna Piloto,baja
358,2025-08-03,lesiones,-33.448234,-70.650207,Comuna Piloto,baja
359,2025-01-22,vandalismo,-33.450939,-70.6357,Comuna Piloto,baja
360,2025-06-29,hurto,-33.447025,-70.613283,Comuna Piloto,baja
361,2025-07-22,robo_con_violencia,-33.446343,-70.600117,Comuna Piloto,baja
362,2025-08-02,hurto,-33.456544,-70.638648,Comuna Piloto,baja
363,2025-02-23,vandalismo,-33.486825,-70.611022,Comuna Piloto,baja
364,2025-08-03,robo_vehiculo,-33.487434,-70.609139,Comuna Piloto,baja
365,2025-01-28,vandalismo,-33.404775,-70.620855,Comuna Piloto,
366,2025-05-05,hurto,-33.451797,-70.653907,Comuna Piloto,baja
367,2025-04-23,lesiones,-33.404679,-70.691885,Comuna Piloto,alta
368,2025-03-17,robo_vehiculo,-33.483642,-70.698419,Comuna Piloto,baja
369,2025-01-06,vandalismo,-33.444558,-70.65228,Comuna Piloto,baja
370,2025-07-05,robo_con_violencia,-33.479228,-70.650569,Comuna Piloto,media
371,2025-03-22,robo_vehiculo,-33.474682,-70.659264,Comuna Piloto,baja
372,2025-06-08,hurto,-33.496995,-70.643183,Comuna Piloto,baja
373,2025-04-09,hurto,-33.488105,-70.644784,Comuna Piloto,media
374,2025-03-31,hurto,-33.408315,-70.616339,Comuna Piloto,baja
375,2025-08-01,robo_con_violencia,-33.467847,-70.689134,Comuna Piloto,baja
376,2025-01-23,robo_vehiculo,-33.439187,-70.677482,Comuna Piloto,media
377,2025-06-26,robo_con_violencia,-33.453499,-70.6207,Comuna Piloto,baja
378,2025-06-29,hurto,-33.459955,-70.615216,Comuna Piloto,media
379,2025-04-02,robo_vehiculo,-33.446811,-70.600518,Comuna Piloto,baja
380,2025-03-04,hurto,-33.481276,-70.612709,Comuna Piloto,alta
381,2025-01-02,hurto,-33.40114,-70.61101,Comuna Piloto,media
382,2025-08-13,lesiones,-33.418169,-70.668565,Comuna Piloto,alta
383,2025-08-16,hurto,-33.425839,-70.659834,Comuna Piloto,media
384,2025-02-27,lesiones,-33.453124,-70.673191,Comuna Piloto,baja
385,2025-01-08,hurto,-33.484712,-70.63937,Comuna Piloto,media
386,2025-01-30,lesiones,-33.407933,-70.606119,Comuna Piloto,baja
387,2025-01-17,lesiones,-33.465861,-70.665536,Comuna Piloto,media
388,2025-07-19,robo_vehiculo,-33.494989,-70.6443,Comuna Piloto,media
389,2025-08-03,robo_vehiculo,-33.46576,-70.67037,Comuna Piloto,baja
390,2025-02-06,lesiones,-33.420554,-70.68302,Comuna Piloto,alta
391,2025-06-29,robo_vehiculo,-33.437729,-70.680481,Comuna Piloto,baja
392,2025-02-13,hurto,-33.424916,-70.694205,Comuna Piloto,media
393,2025-03-30,robo_con_violencia,-33.420636,-70.605071,Comuna Piloto,media
394,2025-05-24,hurto,-33.478805,-70.659712,Comuna Piloto,baja
395,2025-06-22,hurto,-33.407622,-70.616588,Comuna Piloto,media
396,2025-07-29,lesiones,-33.456201,-70.631867,Comuna Piloto,media
397,2025-01-11,hurto,-33.436099,-70.680808,Comuna Piloto,baja
398,2025-02-17,robo_vehiculo,-33.499769,-70.682454,Comuna Piloto,media
399,2025-03-09,vandalismo,-33.400663,-70.618801,Comuna Piloto,baja
400,2025-03-16,hurto,-33.47191,-70.673529,Comuna Piloto,media
401,2025-08-28,vandalismo,-33.493794,-70.608671,Comuna Piloto,baja
402,2025-07-06,lesiones,-33.454174,-70.685994,Comuna Piloto,alta
403,2025-03-18,hurto,-33.487097,-70.632229,Comuna Piloto,alta
404,2025-08-22,vandalismo,-33.484767,-70.618553,Comuna Piloto,baja
405,2025-04-30,robo_con_violencia,-33.436772,-70.676474,Comuna Piloto,baja
406,2025-05-01,vandalismo,-33.460707,-70.672379,Comuna Piloto,media
407,2025-04-15,vandalismo,-33.407815,-70.603548,Comuna Piloto,media
408,2025-02-04,hurto,-33.468084,-70.67354,Comuna Piloto,baja
409,2025-08-13,lesiones,-33.427382,-70.657004,Comuna Piloto,baja
410,2025-01-04,hurto,-33.45389,-70.656748,Comuna Piloto,baja
411,2025-02-11,robo_vehiculo,-33.434005,-70.674697,Comuna Piloto,alta
412,2025-02-25,lesiones,-33.44003,-70.622421,Comuna Piloto,baja
413,2025-03-09,robo_vehiculo,-33.452722,-70.622815,Comuna Piloto,alta
414,2025-02-01,robo_vehiculo,-33.404994,-70.662168,Comuna Piloto,baja
415,2025-01-05,hurto,-33.465729,-70.616487,Comuna Piloto,
416,2025-06-12,vandalismo,-33.482276,-70.678693,Comuna Piloto,baja
417,2025-08-21,robo_vehiculo,-33.432191,-70.699569,Comuna Piloto,baja
418,2025-01-30,hurto,-33.415399,-70.642883,Comuna Piloto,alta
419,2025-03-13,robo_con_violencia,-33.495975,-70.600592,Comuna Piloto,alta
420,2025-05-02,robo_con_violencia,-33.455037,-70.696136,Comuna Piloto,baja
421,2025-08-11,robo_con_violencia,-33.410751,-70.6792,Comuna Piloto,baja
422,2025-06-16,robo_con_violencia,-33.425038,-70.648109,Comuna Piloto,baja
423,2025-07-03,vandalismo,-33.400819,-70.619006,Comuna Piloto,baja
424,2025-05-20,vandalismo,-33.446859,-70.691096,Comuna Piloto,baja
425,2025-04-11,vandalismo,-33.434,-70.660477,Comuna Piloto,alta
426,2025-02-17,robo_con_violencia,-33.469752,-70.625292,Comuna Piloto,baja
427,2025-07-27,robo_con_violencia,-33.405246,-70.662846,Comuna Piloto,media
428,2025-07-12,robo_vehiculo,-33.463366,-70.681116,Comuna Piloto,baja
429,2025-01-07,hurto,-33.426149,-70.68045,Comuna Piloto,baja
430,2025-06-21,robo_vehiculo,-33.459686,-70.658995,Comuna Piloto,media
431,2025-01-21,hurto,-33.443818,-70.652058,Comuna Piloto,baja
432,2025-06-27,robo_con_violencia,-33.428022,-70.613819,Comuna Piloto,media
433,2025-07-18,lesiones,-33.449107,-70.635775,Comuna Piloto,baja
434,2025-02-01,robo_vehiculo,-33.409291,-70.63096,Comuna Piloto,alta
435,2025-04-15,robo_con_violencia,-33.45807,-70.601701,Comuna Piloto,media
436,2025-01-30,lesiones,-33.435293,-70.658816,Comuna Piloto,alta
437,2025-05-17,vandalismo,-33.465764,-70.659665,Comuna Piloto,baja
438,2025-08-11,robo_con_violencia,-33.459184,-70.607665,Comuna Piloto,baja
439,2025-01-20,hurto,-33.455995,-70.675412,Comuna Piloto,baja
440,2025-04-06,vandalismo,-33.487419,-70.627018,Comuna Piloto,media
441,2025-08-22,lesiones,-33.490828,-70.624543,Comuna Piloto,baja
442,2025-03-14,vandalismo,-33.433251,-70.690221,Comuna Piloto,baja
443,2025-02-01,hurto,-33.434448,-70.653177,Comuna Piloto,baja
444,2025-04-28,robo_vehiculo,-33.433709,-70.679944,Comuna Piloto,baja
445,2025-05-03,lesiones,-33.498023,-70.681462,Comuna Piloto,baja
446,2025-06-09,robo_con_violencia,-33.467345,-70.653617,Comuna Piloto,baja
447,2025-03-17,robo_vehiculo,-33.480219,-70.671057,Comuna Piloto,baja
448,2025-08-18,lesiones,-33.422185,-70.620394,Comuna Piloto,media
449,2025-05-06,lesiones,-33.413937,-70.60924,Comuna Piloto,baja
450,2025-03-10,robo_con_violencia,-33.475332,-70.619728,Comuna Piloto,baja
451,2025-08-19,hurto,-33.433215,-70.673397,Comuna Piloto,media
452,2025-08-10,robo_vehiculo,-33.487064,-70.672587,Comuna Piloto,
453,2025-04-30,hurto,-33.472485,-70.674527,Comuna Piloto,baja
454,2025-01-06,vandalismo,-33.486135,-70.686496,Comuna Piloto,media
455,2025-05-24,robo_con_violencia,-33.471648,-70.60562,Comuna Piloto,alta
456,2025-05-14,vandalismo,-33.432526,-70.659795,Comuna Piloto,media
457,2025-02-05,hurto,-33.408967,-70.677531,Comuna Piloto,alta
458,2025-06-02,lesiones,-33.479748,-70.615333,Comuna Piloto,media
459,2025-07-21,hurto,-33.445792,-70.66008,Comuna Piloto,baja
460,2025-01-26,robo_vehiculo,-33.429861,-70.696488,Comuna Piloto,baja
461,2025-06-23,lesiones,-33.404708,-70.683806,Comuna Piloto,media
462,2025-02-03,lesiones,-33.438994,-70.636075,Comuna Piloto,alta
463,2025-06-29,robo_con_violencia,-33.474489,-70.621709,Comuna Piloto,baja
464,2025-04-11,lesiones,-33.437452,-70.678907,Comuna Piloto,baja
465,2025-01-02,lesiones,-33.467951,-70.60826,Comuna Piloto,media
466,2025-08-20,robo_vehiculo,-33.402387,-70.6149,Comuna Piloto,baja
467,2025-02-09,vandalismo,-33.460032,-70.615162,Comuna Piloto,media
468,2025-05-24,lesiones,-33.431457,-70.677234,Comuna Piloto,media
469,2025-02-13,robo_vehiculo,-33.497677,-70.694946,Comuna Piloto,media
470,2025-08-12,robo_con_violencia,-33.459994,-70.613258,Comuna Piloto,alta
471,2025-06-27,lesiones,-33.412489,-70.66942,Comuna Piloto,media
472,2025-07-13,robo_vehiculo,-33.438977,-70.638108,Comuna Piloto,media
473,2025-04-14,lesiones,-33.455606,-70.624003,Comuna Piloto,media
474,2025-04-23,hurto,-33.406406,-70.687171,Comuna Piloto,
475,2025-06-02,hurto,-33.414602,-70.621916,Comuna Piloto,alta
476,2025-07-08,robo_con_violencia,-33.467778,-70.606149,Comuna Piloto,baja
477,2025-07-23,lesiones,-33.445545,-70.627163,Comuna Piloto,media
478,2025-01-05,robo_con_violencia,-33.451018,-70.655878,Comuna Piloto,baja
479,2025-06-09,hurto,-33.43678,-70.612332,Comuna Piloto,alta
480,2025-01-27,vandalismo,-33.466589,-70.647254,Comuna Piloto,media
481,2025-03-11,vandalismo,-33.475579,-70.625523,Comuna Piloto,baja
482,2025-07-19,vandalismo,-33.408733,-70.617949,Comuna Piloto,baja
483,2025-03-02,vandalismo,-33.407613,-70.625065,Comuna Piloto,baja
484,2025-07-11,hurto,-33.415668,-70.671215,Comuna Piloto,media
485,2025-04-22,robo_vehiculo,-33.40218,-70.688216,Comuna Piloto,baja
486,2025-02-25,vandalismo,-33.425501,-70.676166,Comuna Piloto,baja
487,2025-03-22,vandalismo,-33.423533,-70.649713,Comuna Piloto,alta
488,2025-05-08,vandalismo,-33.423741,-70.649472,Comuna Piloto,media
489,2025-07-03,lesiones,-33.451939,-70.641736,Comuna Piloto,baja
490,2025-05-26,robo_con_violencia,-33.454355,-70.66049,Comuna Piloto,baja
491,2025-08-12,hurto,-33.475977,-70.621311,Comuna Piloto,alta
492,2025-07-28,hurto,-33.435518,-70.608685,Comuna Piloto,media
493,2025-06-30,vandalismo,-33.471068,-70.675327,Comuna Piloto,media
494,2025-05-25,robo_vehiculo,-33.474219,-70.626348,Comuna Piloto,baja
495,2025-03-11,robo_vehiculo,-33.441404,-70.632203,Comuna Piloto,baja
496,2025-04-10,robo_con_violencia,-33.459002,-70.647691,Comuna Piloto,baja
497,2025-01-29,vandalismo,-33.478114,-70.681147,Comuna Piloto,media
498,2025-03-31,lesiones,-33.418394,-70.620477,Comuna Piloto,baja
499,2025-08-11,robo_con_violencia,-33.413943,-70.603937,Comuna Piloto,baja
500,2025-04-13,hurto,-33.48323,-70.627816,Comuna Piloto,media
501,2025-01-28,hurto,-33.499249,-70.608214,Comuna Piloto,alta
502,2025-06-06,hurto,-33.466387,-70.601581,Comuna Piloto,media
503,2025-08-20,vandalismo,-33.420249,-70.664795,Comuna Piloto,baja
504,2025-07-28,robo_con_violencia,-33.416083,-70.636178,Comuna Piloto,baja
505,2025-03-07,robo_vehiculo,-33.486167,-70.652607,Comuna Piloto,baja
506,2025-04-19,robo_con_violencia,-33.422566,-70.601337,Comuna Piloto,baja
507,2025-05-08,robo_vehiculo,-33.48843,-70.690619,Comuna Piloto,media
508,2025-03-01,vandalismo,-33.460994,-70.658763,Comuna Piloto,baja
509,2025-03-06,vandalismo,-33.400139,-70.612446,Comuna Piloto,media
510,2025-02-26,robo_con_violencia,-33.480741,-70.671595,Comuna Piloto,alta
511,2025-08-27,lesiones,-33.484604,-70.621221,Comuna Piloto,alta
512,2025-06-29,robo_vehiculo,-33.45772,-70.661722,Comuna Piloto,baja
513,2025-07-21,robo_con_violencia,-33.438033,-70.602002,Comuna Piloto,baja
514,2025-07-15,robo_vehiculo,-33.40671,-70.611647,Comuna Piloto,baja
515,2025-08-19,robo_con_violencia,-33.401918,-70.669868,Comuna Piloto,baja
516,2025-01-26,hurto,-33.493036,-70.622981,Comuna Piloto,baja
517,2025-07-31,vandalismo,-33.4862,-70.666314,Comuna Piloto,baja
518,2025-01-16,hurto,-33.420926,-70.639364,Comuna Piloto,media
519,2025-04-25,lesiones,-33.472937,-70.634152,Comuna Piloto,baja
520,2025-05-23,hurto,-33.411515,-70.61704,Comuna Piloto,alta
521,2025-03-27,robo_con_violencia,-33.433655,-70.697555,Comuna Piloto,baja
522,2025-02-05,robo_con_violencia,-33.488816,-70.677984,Comuna Piloto,baja
523,2025-02-16,robo_vehiculo,-33.416747,-70.628808,Comuna Piloto,baja
524,2025-07-17,robo_vehiculo,-33.482364,-70.643648,Comuna Piloto,baja
525,2025-03-18,vandalismo,-33.45765,-70.650439,Comuna Piloto,baja
526,2025-03-16,vandalismo,-33.444782,-70.694479,Comuna Piloto,alta
527,2025-08-10,vandalismo,-33.449923,-70.665172,Comuna Piloto,baja
528,2025-02-04,lesiones,-33.431384,-70.61349,Comuna Piloto,baja
529,2025-08-08,hurto,-33.434731,-70.696911,Comuna Piloto,media
530,2025-08-10,lesiones,-33.400796,-70.660356,Comuna Piloto,baja
531,2025-05-24,hurto,-33.400058,-70.605485,Comuna Piloto,media
532,2025-02-09,lesiones,-33.448354,-70.694912,Comuna Piloto,baja
533,2025-02-07,lesiones,-33.49048,-70.625029,Comuna Piloto,media
534,2025-03-10,lesiones,-33.427216,-70.674239,Comuna Piloto,baja
535,2025-05-19,lesiones,-33.402334,-70.613339,Comuna Piloto,baja
536,2025-02-06,robo_con_violencia,-33.468167,-70.625393,Comuna Piloto,media
537,2025-04-20,lesiones,-33.453879,-70.611429,Comuna Piloto,alta
538,2025-01-28,robo_vehiculo,-33.457522,-70.678408,Comuna Piloto,baja
539,2025-05-10,lesiones,-33.494858,-70.646871,Comuna Piloto,media
540,2025-01-06,hurto,-33.432774,-70.622073,Comuna Piloto,baja
541,2025-06-20,vandalismo,-33.464666,-70.67543,Comuna Piloto,baja
542,2025-01-14,robo_vehiculo,-33.421254,-70.676925,Comuna Piloto,baja
543,2025-02-16,vandalismo,-33.416788,-70.697282,Comuna Piloto,media
544,2025-02-11,vandalismo,-33.417877,-70.604148,Comuna Piloto,baja
545,2025-07-19,robo_vehiculo,-33.458333,-70.628998,Comuna Piloto,media
546,2025-01-13,hurto,-33.467845,-70.636444,Comuna Piloto,baja
547,2025-04-14,hurto,-33.425118,-70.625601,Comuna Piloto,alta
548,2025-05-22,lesiones,-33.419861,-70.646839,Comuna Piloto,media
549,2025-05-04,lesiones,-33.450874,-70.652387,Comuna Piloto,baja
550,2025-06-13,vandalismo,-33.410697,-70.655047,Comuna Piloto,baja
551,2025-07-12,robo_vehiculo,-33.485609,-70.635956,Comuna Piloto,baja
552,2025-04-05,hurto,-33.412093,-70.679847,Comuna Piloto,alta
553,2025-07-18,hurto,-33.49039,-70.611194,Comuna Piloto,baja
554,2025-03-18,vandalismo,-33.484647,-70.618825,Comuna Piloto,media
555,2025-08-25,robo_vehiculo,-33.446616,-70.665044,Comuna Piloto,baja
556,2025-05-02,hurto,-33.493248,-70.642139,Comuna Piloto,media
557,2025-06-26,robo_con_violencia,-33.494719,-70.685897,Comuna Piloto,baja
558,2025-07-30,vandalismo,-33.499948,-70.602765,Comuna Piloto,media
559,2025-07-10,robo_vehiculo,-33.456368,-70.609711,Comuna Piloto,alta
560,2025-07-24,robo_vehiculo,-33.422538,-70.60781,Comuna Piloto,baja
561,2025-05-09,hurto,-33.496516,-70.666784,Comuna Piloto,media
562,2025-01-11,hurto,-33.434774,-70.683087,Comuna Piloto,baja
563,2025-04-29,vandalismo,-33.417687,-70.678823,Comuna Piloto,baja
564,2025-02-13,hurto,-33.4832,-70.691,Comuna Piloto,alta
565,2025-08-02,hurto,-33.485314,-70.687989,Comuna Piloto,media
566,2025-02-26,robo_con_violencia,-33.41392,-70.69287,Comuna Piloto,media
567,2025-02-24,robo_con_violencia,-33.417688,-70.601018,Comuna Piloto,baja
568,2025-03-01,robo_vehiculo,-33.446106,-70.692594,Comuna Piloto,baja
569,2025-06-04,vandalismo,-33.41808,-70.686746,Comuna Piloto,baja
570,2025-05-18,vandalismo,-33.490724,-70.617275,Comuna Piloto,media
571,2025-08-16,lesiones,-33.460552,-70.641976,Comuna Piloto,baja
572,2025-04-10,lesiones,-33.42622,-70.622558,Comuna Piloto,baja
573,2025-03-09,robo_vehiculo,-33.474255,-70.636909,Comuna Piloto,baja
574,2025-01-12,robo_con_violencia,-33.424767,-70.611782,Comuna Piloto,baja
575,2025-01-02,robo_con_violencia,-33.449582,-70.636153,Comuna Piloto,baja
576,2025-03-31,robo_vehiculo,-33.424973,-70.647787,Comuna Piloto,baja
577,2025-08-11,robo_vehiculo,-33.453532,-70.628725,Comuna Piloto,alta
578,2025-05-06,robo_con_violencia,-33.46321,-70.655261,Comuna Piloto,media
579,2025-08-03,robo_vehiculo,-33.478081,-70.665394,Comuna Piloto,baja
580,2025-01-25,robo_con_violencia,-33.479162,-70.653235,Comuna Piloto,media
581,2025-01-23,lesiones,-33.424851,-70.683029,Comuna Piloto,media
582,2025-07-20,vandalismo,-33.488109,-70.620343,Comuna Piloto,baja
583,2025-01-26,lesiones,-33.491402,-70.67393,Comuna Piloto,baja
584,2025-01-13,hurto,-33.482371,-70.684647,Comuna Piloto,baja
585,2025-04-07,hurto,-33.482465,-70.675365,Comuna Piloto,baja
586,2025-08-10,robo_vehiculo,-33.417689,-70.615793,Comuna Piloto,media
587,2025-06-15,robo_con_violencia,-33.460149,-70.66698,Comuna Piloto,alta
588,2025-01-24,hurto,-33.400961,-70.631395,Comuna Piloto,baja
589,2025-07-20,hurto,-33.486279,-70.614359,Comuna Piloto,media
590,2025-07-22,robo_con_violencia,-33.434646,-70.692226,Comuna Piloto,baja
591,2025-07-12,hurto,-33.455127,-70.623498,Comuna Piloto,media
592,2025-08-05,robo_vehiculo,-33.460708,-70.669233,Comuna Piloto,media
593,2025-02-27,robo_con_violencia,-33.412492,-70.678338,Comuna Piloto,baja
594,2025-08-24,lesiones,-33.40244,-70.63111,Comuna Piloto,baja
595,2025-03-18,hurto,-33.412714,-70.60902,Comuna Piloto,media
596,2025-07-12,lesiones,-33.48077,-70.670498,Comuna Piloto,alta
597,2025-05-20,lesiones,-33.47792,-70.643117,Comuna Piloto,baja
598,2025-07-07,vandalismo,-33.434393,-70.671017,Comuna Piloto,baja
599,2025-05-31,vandalismo,-33.471092,-70.644571,Comuna Piloto,baja
600,2025-06-04,lesiones,-33.426527,-70.637814,Comuna Piloto,media
111,2025-03-08,lesiones,-33.40053,-70.660752,Comuna Piloto,baja
420,2025-05-02,robo_con_violencia,-33.455037,-70.696136,Comuna Piloto,baja
566,2025-02-26,robo_con_violencia,-33.41392,-70.69287,Comuna Piloto,media
